FB,GOOG,MSFT
2.0,2.0,2.0
296.5,160.0,232.0
75.66042558696059,56.568542494923804,152.73506473629428
243.0,120.0,124.0
269.75,140.0,178.0
296.5,160.0,232.0
323.25,180.0,286.0
350.0,200.0,340.0
